<?xml version="1.0" encoding="UTF-8"?>
<config xmlns="http://www.knime.org/2008/09/XMLConfig" xmlns:xsi="http://www.w3.org/2001/XMLSchema-instance" xsi:schemaLocation="http://www.knime.org/2008/09/XMLConfig http://www.knime.org/XMLConfig_2008_09.xsd" key="preprocessing">
<config key="preprocColumns">
<entry key="array-size" type="xint" value="50"/>
<entry key="0" type="xstring" value="n_tokens_title"/>
<entry key="1" type="xstring" value="n_tokens_content"/>
<entry key="2" type="xstring" value="n_unique_tokens"/>
<entry key="3" type="xstring" value="n_non_stop_words"/>
<entry key="4" type="xstring" value="n_non_stop_unique_tokens"/>
<entry key="5" type="xstring" value="num_hrefs"/>
<entry key="6" type="xstring" value="num_self_hrefs"/>
<entry key="7" type="xstring" value="num_imgs"/>
<entry key="8" type="xstring" value="num_videos"/>
<entry key="9" type="xstring" value="average_token_length"/>
<entry key="10" type="xstring" value="num_keywords"/>
<entry key="11" type="xstring" value="data_channel_is_lifestyle"/>
<entry key="12" type="xstring" value="data_channel_is_entertainment"/>
<entry key="13" type="xstring" value="data_channel_is_bus"/>
<entry key="14" type="xstring" value="data_channel_is_socmed"/>
<entry key="15" type="xstring" value="data_channel_is_tech"/>
<entry key="16" type="xstring" value="data_channel_is_world"/>
<entry key="17" type="xstring" value="kw_min_min"/>
<entry key="18" type="xstring" value="kw_max_min"/>
<entry key="19" type="xstring" value="kw_avg_min"/>
<entry key="20" type="xstring" value="kw_min_max"/>
<entry key="21" type="xstring" value="kw_max_max"/>
<entry key="22" type="xstring" value="kw_avg_max"/>
<entry key="23" type="xstring" value="kw_min_avg"/>
<entry key="24" type="xstring" value="kw_max_avg"/>
<entry key="25" type="xstring" value="kw_avg_avg"/>
<entry key="26" type="xstring" value="self_reference_min_shares"/>
<entry key="27" type="xstring" value="self_reference_max_shares"/>
<entry key="28" type="xstring" value="self_reference_avg_sharess"/>
<entry key="29" type="xstring" value="LDA_00"/>
<entry key="30" type="xstring" value="LDA_01"/>
<entry key="31" type="xstring" value="LDA_02"/>
<entry key="32" type="xstring" value="LDA_03"/>
<entry key="33" type="xstring" value="LDA_04"/>
<entry key="34" type="xstring" value="global_subjectivity"/>
<entry key="35" type="xstring" value="global_sentiment_polarity"/>
<entry key="36" type="xstring" value="global_rate_positive_words"/>
<entry key="37" type="xstring" value="global_rate_negative_words"/>
<entry key="38" type="xstring" value="rate_positive_words"/>
<entry key="39" type="xstring" value="rate_negative_words"/>
<entry key="40" type="xstring" value="avg_positive_polarity"/>
<entry key="41" type="xstring" value="min_positive_polarity"/>
<entry key="42" type="xstring" value="max_positive_polarity"/>
<entry key="43" type="xstring" value="avg_negative_polarity"/>
<entry key="44" type="xstring" value="min_negative_polarity"/>
<entry key="45" type="xstring" value="max_negative_polarity"/>
<entry key="46" type="xstring" value="title_subjectivity"/>
<entry key="47" type="xstring" value="title_sentiment_polarity"/>
<entry key="48" type="xstring" value="abs_title_subjectivity"/>
<entry key="49" type="xstring" value="abs_title_sentiment_polarity"/>
</config>
</config>
