<?xml version="1.0" encoding="UTF-8"?>
<config xmlns="http://www.knime.org/2008/09/XMLConfig" xmlns:xsi="http://www.w3.org/2001/XMLSchema-instance" xsi:schemaLocation="http://www.knime.org/2008/09/XMLConfig http://www.knime.org/XMLConfig_2008_09.xsd" key="MiningSchema">
<config key="learning">
<entry key="array-size" type="xint" value="12"/>
<entry key="0" type="xstring" value="data_channel_is_entertainment"/>
<entry key="1" type="xstring" value="data_channel_is_bus"/>
<entry key="2" type="xstring" value="data_channel_is_socmed"/>
<entry key="3" type="xstring" value="data_channel_is_tech"/>
<entry key="4" type="xstring" value="data_channel_is_world"/>
<entry key="5" type="xstring" value="kw_min_avg"/>
<entry key="6" type="xstring" value="LDA_01"/>
<entry key="7" type="xstring" value="LDA_03"/>
<entry key="8" type="xstring" value="max_positive_polarity"/>
<entry key="9" type="xstring" value="title_subjectivity"/>
<entry key="10" type="xstring" value="abs_title_subjectivity"/>
<entry key="11" type="xstring" value="abs_title_sentiment_polarity"/>
</config>
<config key="target">
<entry key="array-size" type="xint" value="1"/>
<entry key="0" type="xstring" value="class"/>
</config>
</config>
