<?xml version="1.0" encoding="UTF-8"?>
<config xmlns="http://www.knime.org/2008/09/XMLConfig" xmlns:xsi="http://www.w3.org/2001/XMLSchema-instance" xsi:schemaLocation="http://www.knime.org/2008/09/XMLConfig http://www.knime.org/XMLConfig_2008_09.xsd" key="model.xml">
<entry key="version" type="xint" value="1"/>
<entry key="class_name" type="xstring" value="org.knime.base.data.normalize.NormalizerPortObject"/>
<config key="model">
<config key="columns">
<config key="data_channel_is_entertainment">
<entry key="column_name" type="xstring" value="data_channel_is_entertainment"/>
<entry key="column_scale" type="xdouble" value="1.0"/>
<entry key="column_translate" type="xdouble" value="0.0"/>
<entry key="column_min" type="xdouble" value="0.0"/>
<entry key="column_max" type="xdouble" value="1.0"/>
</config>
<config key="data_channel_is_bus">
<entry key="column_name" type="xstring" value="data_channel_is_bus"/>
<entry key="column_scale" type="xdouble" value="1.0"/>
<entry key="column_translate" type="xdouble" value="0.0"/>
<entry key="column_min" type="xdouble" value="0.0"/>
<entry key="column_max" type="xdouble" value="1.0"/>
</config>
<config key="data_channel_is_socmed">
<entry key="column_name" type="xstring" value="data_channel_is_socmed"/>
<entry key="column_scale" type="xdouble" value="1.0"/>
<entry key="column_translate" type="xdouble" value="0.0"/>
<entry key="column_min" type="xdouble" value="0.0"/>
<entry key="column_max" type="xdouble" value="1.0"/>
</config>
<config key="data_channel_is_tech">
<entry key="column_name" type="xstring" value="data_channel_is_tech"/>
<entry key="column_scale" type="xdouble" value="1.0"/>
<entry key="column_translate" type="xdouble" value="0.0"/>
<entry key="column_min" type="xdouble" value="0.0"/>
<entry key="column_max" type="xdouble" value="1.0"/>
</config>
<config key="data_channel_is_world">
<entry key="column_name" type="xstring" value="data_channel_is_world"/>
<entry key="column_scale" type="xdouble" value="1.0"/>
<entry key="column_translate" type="xdouble" value="0.0"/>
<entry key="column_min" type="xdouble" value="0.0"/>
<entry key="column_max" type="xdouble" value="1.0"/>
</config>
<config key="kw_min_avg">
<entry key="column_name" type="xstring" value="kw_min_avg"/>
<entry key="column_scale" type="xdouble" value="2.769220139810173E-4"/>
<entry key="column_translate" type="xdouble" value="2.769220139810173E-4"/>
<entry key="column_min" type="xdouble" value="0.0"/>
<entry key="column_max" type="xdouble" value="1.0"/>
</config>
<config key="LDA_01">
<entry key="column_name" type="xstring" value="LDA_01"/>
<entry key="column_scale" type="xdouble" value="1.1016066524877854"/>
<entry key="column_translate" type="xdouble" value="-0.020029359780636066"/>
<entry key="column_min" type="xdouble" value="0.0"/>
<entry key="column_max" type="xdouble" value="1.0"/>
</config>
<config key="LDA_03">
<entry key="column_name" type="xstring" value="LDA_03"/>
<entry key="column_scale" type="xdouble" value="1.1008950639654596"/>
<entry key="column_translate" type="xdouble" value="-0.020016467955162223"/>
<entry key="column_min" type="xdouble" value="0.0"/>
<entry key="column_max" type="xdouble" value="1.0"/>
</config>
<config key="max_positive_polarity">
<entry key="column_name" type="xstring" value="max_positive_polarity"/>
<entry key="column_scale" type="xdouble" value="1.0"/>
<entry key="column_translate" type="xdouble" value="0.0"/>
<entry key="column_min" type="xdouble" value="0.0"/>
<entry key="column_max" type="xdouble" value="1.0"/>
</config>
<config key="title_subjectivity">
<entry key="column_name" type="xstring" value="title_subjectivity"/>
<entry key="column_scale" type="xdouble" value="1.0"/>
<entry key="column_translate" type="xdouble" value="0.0"/>
<entry key="column_min" type="xdouble" value="0.0"/>
<entry key="column_max" type="xdouble" value="1.0"/>
</config>
<config key="abs_title_subjectivity">
<entry key="column_name" type="xstring" value="abs_title_subjectivity"/>
<entry key="column_scale" type="xdouble" value="2.0"/>
<entry key="column_translate" type="xdouble" value="0.0"/>
<entry key="column_min" type="xdouble" value="0.0"/>
<entry key="column_max" type="xdouble" value="1.0"/>
</config>
<config key="abs_title_sentiment_polarity">
<entry key="column_name" type="xstring" value="abs_title_sentiment_polarity"/>
<entry key="column_scale" type="xdouble" value="1.0"/>
<entry key="column_translate" type="xdouble" value="0.0"/>
<entry key="column_min" type="xdouble" value="0.0"/>
<entry key="column_max" type="xdouble" value="1.0"/>
</config>
</config>
<entry key="summary" type="xstring" value="Min/Max (0.0, 1) normalization on 12 column(s)"/>
</config>
</config>
